gb_00026281, Cepsa Uk Limited, https://www.cepsa.com/cepsa/Who_we_are/The_Company/CEPSA_Worldwide/UK/, NA, https://www.linkedin.com/company/cepsa 
gb_00026538, Esso Petroleum Company Limited, https://www.bloomberg.com/research/stocks/private/snapshot.asp?privcapId=5466418, NA, https://www.linkedin.com/company/esso-petroleum-company-limited 
gb_00064070, Mcgraw Hill International U K Limited, https://www.bloomberg.com/research/stocks/private/snapshot.asp?privcapId=5546553, NA, https://www.linkedin.com/company/mcgraw-hill-education 
gb_00084170, Epc United Kingdom Plc, http://www.epc-groupe.co.uk/, NA, https://www.linkedin.com/company/epc-uk 
gb_00162175, Lazard And Co Limited, https://www.lazard.com/, NA, https://www.linkedin.com/company/lazard 
gb_00181116, Willis Limited, http://www.willis.com/, NA, https://www.linkedin.com/company/willis-towers-watson 
gb_00212361, Kilifi Plantations Limited, https://www.fuzu.com/company/kilifi-plantations-limited, NA, https://www.linkedin.com/company/kilifi-plantations-limited 
gb_00362221, Adams Foods Limited, http://www.ornuafoods.co.uk/, NA, https://uk.linkedin.com/in/adams-foods-ltd-6862a4113 
gb_00364757, W H Bowker Limited, http://www.bowkertransport.co.uk/, NA, https://www.linkedin.com/company/bowker-group 
gb_00371501, R Swain And Sons Limited, http://www.rswain.com/, NA, https://uk.linkedin.com/in/paul-kavanagh-51b34213 
gb_00372481, Graham & Brown Limited, https://www.grahambrown.com/, NA, https://www.linkedin.com/company/graham-&-brown 
gb_00375784, Nigel Fredericks Limited, https://www.nigelfredericks.co.uk/, NA, https://www.linkedin.com/company/nigel-fredericks-limited 
gb_00375854, Morning Foods,Limited, http://www.morningfoods.com/, NA, https://www.linkedin.com/company/morning-foods-ltd 
gb_00381393, John Guest Holdings Limited, http://www.johnguest.com/, NA, https://www.linkedin.com/company/john-guest-ltd- 
gb_00383914, Schenker Limited, https://www.dbschenker.co.uk/, NA, https://www.linkedin.com/company/schenker 
gb_00385595, Guilford Europe Limited, http://www.guilfordtextiles.com/, NA, https://www.linkedin.com/company/guilford-europe-ltd
gb_00386730, Architectural Decorators Limited, http://www.theadgroup.co.uk/decorators/, NA, https://www.linkedin.com/company/architectural-decorators-limited 
gb_00387426, Barton Petroleum Limited, https://bartonpetroleum.co.uk/, NA, https://www.linkedin.com/company/barton-petroleum-ltd 
gb_00387579, Thwaites Limited, http://www.thwaitesdumpers.co.uk/, NA, https://www.linkedin.com/company/thwaites-ltd. 
gb_00388251, Bartholomews Agri Food Limited, http://www.bartholomews.co.uk/, NA, https://www.linkedin.com/company/bartholomews-agri-food-limited 
gb_00390845, Young & Rubicam Group Limited, http://www.yrgrp.com/, NA, https://www.linkedin.com/company/young-&-rubicam-group 
gb_00391366, Cubitt Theobald Limited, http://www.cubitt.co.uk/, NA, https://www.linkedin.com/company/cubitt-theobald 
gb_00391560, St Martins Healthcare Limited, http://www.smhs-leeds.co.uk/, NA, https://www.linkedin.com/company/st-martins-healthcare-limited 
gb_00394532, Remploy,Limited, http://www.remploy.co.uk/, NA, https://www.linkedin.com/company/remploy-ltd 
gb_00397634, Bovis Homes Limited, https://www.bovishomes.co.uk/, NA, https://www.linkedin.com/company/bovishomes 
gb_00397840, Alfred Jones Warrington Limited, http://companycheck.co.uk/company/00397840/ALFRED-JONES-WARRINGTON-LIMITED, NA, https://www.linkedin.com/company/alfred-jones-warrington-limited 
gb_00401507, Pegler Yorkshire Group Limited, http://www.pegleryorkshire.co.uk/, NA, https://www.linkedin.com/company/pegler-yorkshire 
gb_00405836, Wavin Limited, http://www.wavin.co.uk/, NA, https://www.linkedin.com/company/wavin-limited 
gb_00406069, Hughes Electrical Limited, http://www.hughes.co.uk/, NA, https://www.linkedin.com/company/hughes-electrical 
gb_00406809, Raytheon Systems Limited, http://www.raytheon.co.uk/, NA, https://www.linkedin.com/company/raytheon-uk 
gb_00407141, Fearnley Construction Limited, http://www.fearnleyconstruction.co.nz/, NA, https://www.linkedin.com/company/fearnley-construction-limited 
gb_00408017, Appe U.K. Ltd., https://www.bloomberg.com/research/stocks/private/snapshot.asp?privcapid=5569974, NA, https://www.linkedin.com/company/apple 
gb_00409459, Isg Pearce Limited, https://www.isgplc.com/, NA, https://www.linkedin.com/company/isg-pearce-limited 
gb_00410287, Rhone Products Uk Limited, https://beta.companieshouse.gov.uk/company/00410287, NA, https://www.linkedin.com/company/rhone-products-uk-limited 
gb_00413250, Jct600 Limited, https://www.jct600.co.uk/, NA, https://www.linkedin.com/company/jct600-ltd 
gb_00414220, Pa Consulting Services Limited, http://www.paconsulting.com/, NA, https://www.linkedin.com/company/pa-consulting-group 
gb_00417021, Decco Limited, http://www.decco.co.uk/, NA, https://www.linkedin.com/company/decco 
gb_00418878, De Vere Village Trading No 1 Limited, https://beta.companieshouse.gov.uk/company/00418878, NA, https://beta.companieshouse.gov.uk/company/00418878 
gb_00421094, Leck Construction Limited, http://www.leckconstruction.co.uk/, NA, https://www.linkedin.com/company/leck-construction-limited 
gb_00422128, H And S Aviation Limited, http://www.hsaviation.co.uk/, NA, https://www.linkedin.com/company/h-s-aviation-ltd 
gb_00423062, Mcd Group Limited, http://www.mcd-group.co.uk/, NA, https://www.linkedin.com/company/mcd-group-limited 
gb_00429315, Petrochem Carless Limited, http://www.haltermann-carless.com/, NA, https://www.linkedin.com/company/petrochem-carless 
gb_00433982, D.P.T.(Wear)Limited, https://beta.companieshouse.gov.uk/company/00433982, NA, https://uk.linkedin.com/in/kimberley-parrish-73948aa9 
gb_00435820, Top Right Group Limited, https://www.ascential.com/, NA, https://www.linkedin.com/company/topright 
gb_00436243, Hexstone Ltd, http://www.hexstone.co.uk/, NA, https://www.linkedin.com/company/hexstone-ltd. 
gb_00437914, T. Quality Limited, http://www.tquality.co.uk/, NA, https://uk.linkedin.com/in/richard-mansfield-b27a4642 
gb_00439637, F Barraclough Limited, http://www.grocerdirectory.co.uk/companydetails.aspx?id=11517, NA, https://www.linkedin.com/company/f.barraclough-limited 
gb_00439684, Turners Soham Limited, http://www.turners-distribution.com/, NA, https://www.linkedin.com/company/turners-soham-ltd 
gb_00442441, Abbey Commercial Investments Limited, https://beta.companieshouse.gov.uk/company/00442441, NA, https://www.linkedin.com/company/abbey-commercial-investments-limited 
gb_00442696, Lyreco Uk Limited, https://www.lyreco.com/webshop/ENEN/index.html, NA, https://www.linkedin.com/company/lyreco-uk-and-ireland 
gb_00444359, Thomson Airways Limited, http://www.thomson.co.uk/flight/, NA, https://www.linkedin.com/company/tui-travel-plc 
gb_00445590, Owen Pugh Contracts Limited, http://www.owenpugh.com/, NA, https://www.linkedin.com/company/owen-pugh-contracts-limited 
gb_00446897, Philips Electronics Uk Limited, http://www.philips.co.uk/, NA, https://www.linkedin.com/company/philips 
gb_00451880, Forest Gate Construction Co. Limited, http://www.forestgateconstruction.co.uk/, NA, https://www.linkedin.com/company/forest-gate-construction-co-limited 
gb_00454043, Hellenic Petroleum Cyprus Limited, http://www.helpe.gr/en/the-group/where-we-are-active-abroad/hellenic-petroleum-cyprus-ltd/, NA, https://www.linkedin.com/company/hellenic-petroleum-cyprus-limited 
gb_00454264, Mwuk Limited, https://beta.companieshouse.gov.uk/company/00454264, NA, https://www.linkedin.com/company/dimensions_mwuk 
gb_00455692, Fine Lady Bakeries Limited, http://www.heygates.co.uk/general/fine-lady-bakery/, NA, https://www.linkedin.com/company/fine-lady-bakeries-limited 
gb_00463864, Jaylow Supplies Limited, http://www.jaylowcables.com/, NA, https://www.linkedin.com/company/jaylow-supplies-limited 
gb_00463912, F.P.Hurley & Sons Limited, http://www.fphurley.co.uk/, NA, https://www.linkedin.com/company/f-p-hurley-&-sons-ltd 
gb_00464142, Chemring Defence Uk Limited, http://www.chemringdefence.com/, NA, https://www.linkedin.com/company/chemring-defence 
gb_00464192, Autobar Uk Limited, https://beta.companieshouse.gov.uk/company/00464192, NA, https://www.linkedin.com/company/autobar-uk-limited 
gb_00464645, Johnsons Apparelmaster Limited, http://www.apparelmaster.co.uk/, NA, https://www.linkedin.com/company/johnsons-apparelmaster-limited 
gb_00464994, S. Dudley & Sons Limited, https://www.begbies-traynorgroup.com/news/administration/s-dudley-sons-limited-in-administration, NA, https://uk.linkedin.com/in/mike-dudley-37281520 
gb_00468397, William Davis Limited, http://www.williamdavis.co.uk/, NA, https://www.linkedin.com/company/william-davis 
gb_00468767, Folkes Forgings Limited, https://folkesholdings.com/, NA, https://www.linkedin.com/company/folkes-forgings-limited 
gb_00471606, Ravenseft Properties Limited, https://beta.companieshouse.gov.uk/company/00471606, NA, https://www.linkedin.com/company/ravenseft-properties-limited 
gb_00472767, Carnaudmetalbox Engineering Limited, http://canlinespares.com/, NA, https://www.linkedin.com/company/carnaudmetalbox-engineering-limited 
gb_00472968, Boodle And Dunthorne Limited, https://beta.companieshouse.gov.uk/company/00472968, NA, https://www.linkedin.com/company/boodle-&-dunthorne-limited 
gb_00477935, Bablake Wines Limited, https://www.bablakewines.co.uk/, NA, https://www.linkedin.com/company/bablake-wines 
gb_00481121, Avanti Gas Limited, http://www.avantigas.com/, NA, https://www.linkedin.com/company/avantigas 
gb_00481280, Icelandic Group Uk Limited, http://www.icelandic.is/, NA, https://www.linkedin.com/company/icelandic-group 
gb_00483352, Lf Beauty (Uk) Limited, http://www.lfbeauty-uk.com/, NA, https://www.linkedin.com/company/lf-beauty-uk-ltd?trk=company_logo 
gb_00484783, Caterpillar (U.K.) Limited, http://www.caterpillar.com/hu/company/global-footprint/eame/uk.html, NA, https://www.linkedin.com/company/caterpillar-inc 
gb_00486100, Marley Eternit Limited, https://www.marleyeternit.co.uk/, NA, https://www.linkedin.com/company/marley-eternit-ltd 
gb_00489740, Allen (Fencing) Limited, http://www.allenstps.com/, NA, https://www.linkedin.com/company/allen-fencing-ltd 
gb_00490726, Hortons Estate Limited, http://www.hortons.co.uk/, NA, https://www.linkedin.com/company/hortons%27-estate-limited 
gb_00491211, Agricultural Machinery Nantwich Limited, http://www.cornthwaiteag.co.uk/, NA, https://www.linkedin.com/company/agricultural-machinery-nantwich-limited 
gb_00494648, Belron Uk Limited, http://www.belron.com/, NA, https://www.linkedin.com/company/belron 
gb_00495682, Stemcor Uk Limited, http://www.stemcor.com/, NA, https://www.linkedin.com/company/stemcor 
gb_00498601, William King Limited, http://www.williamking.co.uk/, NA, https://www.linkedin.com/company/william-king-limited 
gb_00500777, Icap Securities Limited, https://www.bloomberg.com/research/stocks/private/snapshot.asp?privcapid=5673245, NA, https://www.linkedin.com/company/icap-securities-limited 
gb_00502230, Alvis Brothers Limited, http://www.lyecrossfarm.co.uk/, NA, https://uk.linkedin.com/in/peter-alvis-b3754a21 
gb_00502669, Gist Limited, http://www.gistworld.com/, NA, https://www.linkedin.com/company/gist 
gb_00504877, Dsg Retail Limited, https://beta.companieshouse.gov.uk/company/00504877, NA, https://www.linkedin.com/company/dsg-retail-limited 
gb_00504927, Ww Martin Ltd, http://wwmartin.co.uk/, NA, https://www.linkedin.com/company/ww-martin-ltd 
gb_00505212, Bywaters Leyton Limited, http://www.bywaters.co.uk/, NA, https://www.linkedin.com/company/bywaters 
gb_00506275, Glw Feeds Limited, http://glw-feeds.co.uk/, NA, https://www.linkedin.com/company/glw-feeds-ltd 
gb_00506593, International Marine Transportation Limited, http://www.exxonmobil.com/UK-English/about_who_companies.aspx, NA, https://www.linkedin.com/company/international-marine-transportation-limited 
gb_00506672, William Jackson & Son Limited, http://www.wjfg.co.uk/, NA, https://www.linkedin.com/company/william-jackson-food-group 
gb_00507191, J E And V M Dalton Limited, http://www.dalmark.co.uk/our_history.html, NA, https://www.linkedin.com/company/j.e.-&-v.m.-dalton-limited 
gb_00509133, Agco Limited, http://www.agcocorp.com/, NA, https://www.linkedin.com/company/agco-corporation 
gb_00509579, Marshalls Mono Limited, https://www.marshalls.co.uk/contact-us, NA, https://www.linkedin.com/company/marshalls 
gb_00509585, Servisair Uk Limited, https://beta.companieshouse.gov.uk/company/NF003251, NA, https://www.linkedin.com/company/servisair 
gb_00512958, Russell And Bromley Limited, http://www.russellandbromley.co.uk/, NA, https://www.linkedin.com/company/russell-&-bromley-ltd 
gb_00517224, Borchard Lines Limited, http://www.borlines.com/, NA, https://www.linkedin.com/company/borchard-lines 
gb_00517895, Fandc Management Limited, http://www.fandc.com/uk/private-investors/, NA, https://www.linkedin.com/company/f&c-property-asset-management 
gb_00517930, Pin Croft Dyeing And Printing Co. Limited, http://www.pincroft.com/, NA, https://www.linkedin.com/company/pin-croft-dyeing-and-printing-co.-limited 
gb_00519500, Tesco Stores Limited, https://beta.companieshouse.gov.uk/company/00519500, NA, https://www.linkedin.com/company/tesco-plc 
gb_00520095, Petrobras Paraguay Distribucion Limited, https://beta.companieshouse.gov.uk/company/00520095, NA, https://py.linkedin.com/in/porfirio-ram%C3%ADrez-torres-9a48a93b 
gb_00520374, Bristow Technical Services Limited, https://www.bloomberg.com/research/stocks/private/snapshot.asp?privcapId=24084595, NA, https://www.linkedin.com/company/bristow-technical-services-limited 
gb_00521703, C.S.Williams(Taunton)Limited, http://companycheck.co.uk/company/00521703/CSWILLIAMSTAUNTONLIMITED, NA, https://uk.linkedin.com/pub/dir/+/Lee/gb-4641-Taunton,-United-Kingdom 
gb_00521820, Ribble Packaging Limited, http://ribble-pack.co.uk/, NA, https://www.linkedin.com/company/ribble-packaging-ltd 
gb_00525037, Shell International Trading And Shipping Company Limited, http://www.shell.com/business-customers/trading-and-supply/shell-shipping-and-maritime/about-shell-shipping.html, NA, https://www.linkedin.com/company/shell-international-trading-and-shipping-company-limited 
gb_00525071, R Twining And Company Limited, https://www.twinings.co.uk/, NA, https://www.linkedin.com/company/twinings 
gb_00526209, Pfizer Limited, http://www.pfizerindia.com/eNewsWebsite/index.aspx, NA, https://www.linkedin.com/company/pfizer 
gb_00526923, Howden Joinery Limited, http://www.howdenjoinerygroupplc.com/, NA, https://www.linkedin.com/company/howdensjoineryco 
gb_00528867, Dhl Supply Chain Limited, http://www.dhl.co.uk/en/logistics/supply_chain_solutions.html, NA, https://www.linkedin.com/company/dhl-supply-chain 
gb_00529086, Phillips 66 Limited, http://www.phillips66.co.uk/, NA, https://www.linkedin.com/company/phillips66co 
gb_00529777, Povoas Packaging Limited, http://povoas.co.uk/, NA, https://www.linkedin.com/company/povoas-packaging-limited 
gb_00530589, Timet Uk Limited, http://www.timet.com/, NA, https://www.linkedin.com/company/timet 
gb_00530623, Hills Uk Limited, http://www.hills-group.co.uk/, NA, https://www.linkedin.com/company/hills-uk-limited 
gb_00531301, Laura Ashley Limited, http://www.lauraashley.com/, NA, https://www.linkedin.com/company/laura-ashley 
gb_00531808, Chettles Limited, http://www.bloomberg.com/profiles/companies/1321210Z:LN-chettles-ltd, NA, https://www.linkedin.com/company/begbies-chettle-agar-limited 
gb_00532272, S J Bargh Limited, http://www.sjbargh.co.uk/, NA, https://www.linkedin.com/company/s-j-bargh-ltd 
gb_00533033, Homebase Limited, http://www.homebase.co.uk/, NA, https://www.linkedin.com/company/homebase-uk 
gb_00533232, Devon Contractors Limited, http://www.devoncontractors.co.uk/, NA, https://www.linkedin.com/company/devon-contractors 
gb_00533446, Abu Dhabi Marine Areas Limited, http://www.adma-opco.com/, NA, https://www.linkedin.com/company/adma-opco 
gb_00534118, Gleadell Agriculture Limited, http://www.gleadell.co.uk/, NA, https://www.linkedin.com/company/gleadell-agriculture-ltd 
gb_00535318, Castlecrafts Limited, https://beta.companieshouse.gov.uk/company/00535318, NA, https://www.linkedin.com/company/castlecrafts-limited 
gb_00539916, Grey Advertising Limited, http://www.grey.com/uk, NA, https://www.linkedin.com/company/grey-group 
gb_00540034, Double Two Limited, https://www.doubletwo.co.uk/, NA, https://www.linkedin.com/company/double-two-limited 
gb_00540706, Kershaw Mechanical Services Limited, http://www.kershawmechanical.co.uk/, NA, https://www.linkedin.com/company/kershaw-mechanical-services-limited 
gb_00541600, Coral Racing Limited, https://beta.companieshouse.gov.uk/company/00541600, NA, https://www.linkedin.com/company/coral 
gb_00542721, Buckingham Plant Hire Limited, http://www.buckinghamgroup.co.uk/, NA, https://www.linkedin.com/company/buckingham-plant-hire-limited 
gb_00544115, George J Goff Limited, https://www.goffpetroleum.co.uk/, NA, https://www.linkedin.com/company/george-j.-goff-limited 
gb_00545646, Bullock Construction Limited, http://www.bullockrailroad.com/, NA, https://www.linkedin.com/company/bullock-construction-co- 
gb_00547564, Prosper De Mulder Limited, https://en.wikipedia.org/wiki/Prosper_De_Mulder_Group, NA, https://www.linkedin.com/company/prosper-de-mulder-limited-pdm-group- 
gb_00548648, Independent Television News Limited, http://www.itn.co.uk/, NA, https://www.linkedin.com/company/independent-television-news-limited 
gb_00551102, Bristow Helicopters Limited, http://bristowgroup.com/, NA, https://www.linkedin.com/company/bristow-helicopters-ltd 
gb_00551460, A J And R G Barber Limited, https://www.barbers.co.uk/, NA, https://www.linkedin.com/company/a.j.-and-r.g.barber-limited 
gb_00553053, Vehicle Leasing 4 Limited, https://www.carleasing4u.co.uk/, NA, https://www.linkedin.com/company/vehicle-leasing-4-limited 
gb_00553445, E C Realisations Limited, https://beta.companieshouse.gov.uk/company/00553445, NA, https://www.linkedin.com/company/e-c-realisations-limited 
gb_00553535, Total Uk Limited, http://www.total.co.uk/, NA, https://www.linkedin.com/company/total 
gb_00556895, Harry Yearsley Limited, http://www.yearsley.co.uk/, NA, https://www.linkedin.com/company/yearsley-group 
gb_00557195, J F D Realisations Limited, https://beta.companieshouse.gov.uk/company/00557195/officers, NA, https://www.linkedin.com/company/j-f-d-realisations-limited 
gb_00557780, Polimeri Europa Uk Limited, http://www.bpf.co.uk/directory/polimeri-europa-uk-ltd-formerly-enichem_104.aspx, NA, https://uk.linkedin.com/in/chris-rogers-4a35a554 
gb_00559693, Itw Limited, http://www.itw.com/, NA, https://www.linkedin.com/company/itw 
gb_00561597, J.C. Bamford Excavators Limited, https://www.jcb.com/en-gb, NA, https://www.linkedin.com/company/jcb 
gb_00562707, James Fisher Everard Limited, https://www.james-fisher.com/about/companies/james-fisher-everard/, NA, https://www.linkedin.com/company/james-fisher-everard-limited 
gb_00564585, Edenred Incentives And Motivation Limited, https://www.edenred.co.uk/, NA, https://www.linkedin.com/company/edenred-uk-group- 
gb_00564656, Norgren Limited, http://www.norgren.com/uk/, NA, https://www.linkedin.com/company/norgren-ltd 
gb_00564955, J.C.B. Service, https://www.jcb.com/en-gb/parts-and-service, NA, https://www.linkedin.com/company/jcb 
gb_00567133, Rix Petroleum Hull Limited, https://www.rix.co.uk/, NA, https://www.linkedin.com/company/rix-petroleum 
gb_00572366, John Darke Limited, http://john-darke.co.uk/, NA, https://www.linkedin.com/company/john-darke-ltd 
gb_00574716, Paydens Limited, http://www.paydens.com/, NA, https://www.linkedin.com/company/paydens-pharmacy 
gb_00575914, Xerox Limited, https://www.xerox.co.uk/, NA, https://www.linkedin.com/company/xerox 
gb_00576778, Robinson & Birdsell Limited, http://robinson-birdsell.co.uk/, NA, https://www.linkedin.com/company/robinson-&-birdsell-ltd 
gb_00577587, J R Rix And Sons Limited, https://www.rix.co.uk/our-family-of-companies/, NA, https://www.linkedin.com/company/jr-rix-&-sons-ltd 
gb_00578631, Sibelco Uk Limited, http://www.sibelco.eu/sibelco-uk, NA, https://www.linkedin.com/company/sibelco-group 
gb_00578980, Olmar Investments Limited, https://beta.companieshouse.gov.uk/company/00578980, NA, https://www.linkedin.com/company/olmar-investments-limited 
gb_00580471, Cp Holdings Limited, https://beta.companieshouse.gov.uk/company/00580471, NA, https://www.linkedin.com/company/cp-holdings-llc 
gb_00584756, Robert Horne Group Limited, https://beta.companieshouse.gov.uk/company/00584756, NA, https://www.linkedin.com/company/robert-horne-group 
gb_00585041, Guest Motors Limited, https://beta.companieshouse.gov.uk/company/00585041, NA, https://www.linkedin.com/company/guest-motors-limited 
gb_00588404, J E Lawrence And Son Limited, http://www.jelawrence.co.uk/, NA, https://www.linkedin.com/company/j-e-lawrence-&-son-ltd 
gb_00588569, Rayburn Trading Company Limited, http://www.rayburntrading.com/, NA, https://www.linkedin.com/company/rayburn-trading-co 
gb_00592235, Avon Cosmetics Limited, https://www.avon.uk.com/, NA, https://www.linkedin.com/company/avon 
gb_00592986, Ge Money Home Finance Limited, http://www.gemoney.co.uk/, NA, https://www.linkedin.com/company/gecapital 
gb_00594001, Watson Petroleum Limited, http://watsonfuels.co.uk/, NA, https://www.linkedin.com/company/watson-fuels-limited 
gb_00594086, Balfour Beatty Ground Engineering Ltd, https://www.balfourbeatty.com/expertise/ground-engineering/, NA, https://www.linkedin.com/company/balfour-beatty-ground-engineering-ltd 
gb_00594639, Lawrences Garages London Limited, https://beta.companieshouse.gov.uk/company/00594639, NA, https://beta.companieshouse.gov.uk/company/00594639 
gb_00594758, Emi Music Publishing Limited, http://www.mpaonline.org.uk/member_company/emi-music-publishing-ltd, NA, https://www.linkedin.com/company/emi-music-publishing 
gb_00598988, Hy Ten Limited, http://www.hy-ten.co.uk/, NA, https://www.linkedin.com/company/hy-ten-group-ltd 
gb_00602872, Shell Aircraft Limited, https://en.wikipedia.org/wiki/Shell_Aircraft, NA, https://www.linkedin.com/company/shell-aircraft-limited 
gb_00603238, Heygates Limited, http://www.heygates.co.uk/, NA, https://www.linkedin.com/company/heygates 
gb_00603923, Street Crane Company Limited, http://www.streetcrane.co.uk/, NA, https://www.linkedin.com/company/street-crane-company-ltd 
gb_00604352, Agustawestland Limited, https://beta.companieshouse.gov.uk/company/00604352, NA, https://www.linkedin.com/company/leonardo_company 
gb_00604403, Bristow Helicopters International Limited, http://bristowgroup.com/, NA, https://www.linkedin.com/company/bristow-helicopters-ltd 
gb_00606877, Industrial Acoustics Company Limited, http://www.iac-noisecontrol.com/uk/, NA, https://www.linkedin.com/company/industrial-acoustics-company-uk- 
gb_00607154, P A Turney Limited, http://www.turneygroup.com/, NA, https://www.linkedin.com/company/p.a.turney-limited 
gb_00614864, Countryside Properties (Uk) Limited, https://www.countryside-properties.com/, NA, https://www.linkedin.com/company/countryside 
gb_00614968, E And J W Glendinning Limited, http://www.ejwglendinning.co.uk/, NA, https://www.linkedin.com/company/e-&-jw-glendinning-ltd- 
gb_00615334, Southern Tyre Co Limited, http://www.southerntyres.co.uk/, NA, https://www.linkedin.com/company/southern-tyre-co-limited 
gb_00618659, Pritex Limited, http://www.pritex.co.uk/, NA, https://www.linkedin.com/company/pritex-ltd 
gb_00621496, Hazlewood Convenience Food Group Limited, https://beta.companieshouse.gov.uk/company/00621496, NA, https://www.linkedin.com/company/hazlewood-convenience-food-group-limited 
gb_00621497, Vita Cellular Foams (Uk) Limited, http://www.vitafoam.co.uk/, NA, https://www.linkedin.com/company/vita-cellular-foams 
gb_00621547, Geodis Wilson Uk Limited, http://www.geodis.co.uk/geodis-in-the-uk-@/en/view-5072-category.html, NA, https://www.linkedin.com/company/geodis-wilson-uk-limited 
gb_00622112, S G Smith Motors Insurances And Management Services Limited, http://www.bloomberg.com/profiles/companies/3081132Z:LN-sg-smith-motors-insurances-and-management-services-ltd, NA, https://www.linkedin.com/company/smith-motor-group 
gb_00623364, Town Centre Securities Plc, http://www.tcs-plc.co.uk/, NA, https://www.linkedin.com/company/town-centre-securities-plc 
gb_00623420, H I Weldrick Limited, https://www.linkedin.com/company/h-i-weldrick-ltd, NA, https://www.linkedin.com/company/h-i-weldrick-ltd 
gb_00626146, Walter Carefoot & Sons (Construction) Limited, http://www.carefootplc.com/, NA, https://www.linkedin.com/company/walter-carefoot-&-sons-construction-limited 
gb_00626343, Pattemore'S Transport (Crewkerne) Limited, http://www.pattemores.com/, NA, https://www.linkedin.com/company/pattemore%27s-transport-crewkerne-limited 
gb_00629687, Equion Energia Limited, http://www.equion-energia.com/, NA, https://www.linkedin.com/company/equion-energia-limited 
gb_00633328, Alcoa Manufacturing(G.B.)Limited, https://www.alcoa.com/, NA, https://www.linkedin.com/company/alcoa 
gb_00633976, C.Wynne & Sons Limited, http://www.wynneconstruction.co.uk/info/company_history.html, NA, https://www.linkedin.com/company/wynne-construction---c-wynne-&-sons-ltd 
gb_00634226, Spar Uk Limited, https://www.spar.co.uk/, NA, https://www.linkedin.com/company/spar 
gb_00637019, Motorway Services Limited, https://en.wikipedia.org/wiki/Westmorland_Motorway_Services, NA, https://www.linkedin.com/company/westmorland-motorway-services-limited 
gb_00637730, S H Pratt And Co Bananas Limited, http://www.shpratt.com/, NA, https://www.linkedin.com/company/sh-pratt-&-co-bananas-ltd 
gb_00641365, Beaconsfield Footwear Limited, https://www.bloomberg.com/research/stocks/private/snapshot.asp?privcapId=39416755, NA, https://www.linkedin.com/company/beaconsfield-footwear-limited 
gb_00643047, Spooner Industries Limited, http://www.spooner.co.uk/, NA, https://www.linkedin.com/company/spooner-industries-ltd 
gb_00649192, Ecolab Limited, http://www.ecolab.com/, NA, https://www.linkedin.com/company/ecolab 
gb_00650582, Nationwide Crash Repair Centres Limited, http://www.nationwiderepairs.co.uk/, NA, https://www.linkedin.com/company/nationwide-crash-repair-centres-ltd 
gb_00655853, H.G. Gladwell & Sons Limited, http://www.copdockmill.co.uk/, NA, https://www.linkedin.com/company/h-g-gladwell-&-sons-ltd 
gb_00660644, Gerard Mann Limited, https://beta.companieshouse.gov.uk/company/00660644, NA, https://www.linkedin.com/company/gerard-mann-ltd 
gb_00662129, Leo Laboratories Limited, http://www.leo-pharma.com/, NA, https://www.linkedin.com/company/leo-laboratories-ltd- 
gb_00662221, Rbs Invoice Finance Limited, https://www.bloomberg.com/research/stocks/private/snapshot.asp?privcapId=5565736, NA, https://www.linkedin.com/company/rbs-invoice-finance 
gb_00662286, The Garden Centre Group Trading Limited, https://www.bloomberg.com/research/stocks/private/snapshot.asp?privcapId=877413, NA, https://www.linkedin.com/company/wyevale-garden-centres 
gb_00664125, W R Evans Chemist Limited, http://www.wrevans.co.uk/, NA, https://www.linkedin.com/company/w-r-evans-group-of-companies 
gb_00665376, Recticel Limited, http://www.recticel.com/, NA, https://www.linkedin.com/company/recticel 
gb_00669157, Hubbell Limited, http://www.hubbell.co.uk/, NA, https://www.linkedin.com/company/hubbell 
gb_00670176, Bellway Homes Limited, http://www.bellway.co.uk/contact-us, NA, https://www.linkedin.com/company/bellway-homes-ltd 
gb_00672274, St Leonards Motors Limited, http://www.slm.co.uk/used-cars, NA, https://www.linkedin.com/company/st.leonards-motors-limited 
gb_00675216, Timpson Limited, https://en.wikipedia.org/wiki/Timpson_(retailer), NA, https://www.linkedin.com/company/timpson-limited 
gb_00676451, Ssi Schaefer Ltd, https://www.ssi-schaefer.com/en-sg, NA, https://sg.linkedin.com/company/ssi-schaefer 
gb_00677497, Liebherr   Great Britain Limited, https://www.liebherr.com/en/rou/about-liebherr/liebherr-worldwide/united-kingdom/liebherr-in-the-united-kingdom.html, NA, https://www.linkedin.com/company/liebherr 
gb_00677691, Murco Petroleum Limited, https://murco.co.uk/, NA, https://www.linkedin.com/company/murco-petroleum-limited 
gb_00678294, Sun Valley Foods Limited, http://www.sun-valley.co.uk/, NA, https://www.linkedin.com/company/sun-valley-ltd 
gb_00678883, Graff Diamonds Limited, https://www.graffdiamonds.com/, NA, https://www.linkedin.com/company/graff-diamonds 
gb_00678941, Continental Wine & Food Limited, http://www.continental-wine.co.uk/, NA, https://www.linkedin.com/company/continental-wine-&-food-limited 
gb_00679848, Mole Valley Farmers Limited, http://www.molevalleyfarmers.com/, NA, https://www.linkedin.com/company/mole-valley-farmers 
gb_00680511, Warner Music Uk Limited, http://www.wmg.com/, NA, https://www.linkedin.com/company/warner-music-group 
gb_00682637, Boosey And Hawkes Music Publishers Limited, https://www.boosey.com/, NA, https://www.linkedin.com/company/boosey-&-hawkes-music-publishers-limited 
gb_00686996, Stannah Lifts Holdings Limited, http://www.stannah.com/, NA, https://www.linkedin.com/company/stannah 
gb_00687187, F W Kerridge Limited, https://beta.companieshouse.gov.uk/company/00687187, NA, https://www.linkedin.com/company/fw-kerridge-ltd- 
gb_00687324, Cadogan Estates Limited, http://www.cadogan.co.uk/, NA, https://www.linkedin.com/company/the-cadogan-estate-limited 
gb_00687816, S. Cartwright & Sons (Coachbuilders) Limited, http://www.cartwright-group.co.uk/, NA, https://www.linkedin.com/company/cartwright-trailers-&-rentals 
gb_00689647, A.J.N. Steelstock Ltd., http://www.ajnsteelstock.co.uk/, NA, https://www.linkedin.com/company/ajn-steelstock-ltd 
gb_00690479, W.& H.Marriage & Sons Limited, http://www.marriagefeeds.co.uk/, NA, https://www.linkedin.com/company/w.&-h.marriage-&-sons-limited 
gb_00693949, Sogefi Filtration Limited, http://www.sogefigroup.com/, NA, https://www.linkedin.com/company/sogefi 
gb_00694043, D.B. Ramsden & Company Limited, https://beta.companieshouse.gov.uk/company/00694043, NA, https://www.linkedin.com/company/d.b.-ramsden-&-company-limited 
gb_00695283, Hilton International Hotels Uk Limited, https://beta.companieshouse.gov.uk/company/00695283, NA, https://www.linkedin.com/company/hilton 
gb_00695682, Hughes Tv And Audio Limited, http://www.hughes.co.uk/, NA, https://www.linkedin.com/company/hughes-tv-and-audio-limited 
gb_00699050, A J Walter Aviation Ltd, http://www.ajw-group.com/, NA, https://www.linkedin.com/company/aj-walter-aviation 
gb_00710688, Gucci Limited, https://www.gucci.com/us/en/pr/women/womens-handbags/womens-backpacks/limited-edition-gg-supreme-backpack-p-427042K8KSG9585, NA, https://www.linkedin.com/company/gucci 
gb_00711612, A.C.Bacon Engineering Limited, http://www.acbacon.co.uk/, NA, https://www.linkedin.com/company/acbacon 
gb_00711851, Glaxo Operations Uk Limited, https://www.bloomberg.com/research/stocks/private/snapshot.asp?privcapId=5874593, NA, https://www.linkedin.com/company/glaxosmithkline 
gb_00713606, Agricultural Central Trading Limited, http://www.actionfarm.co.uk/, NA, https://www.linkedin.com/company/agricultural-central-trading-limited 
gb_00713656, Jarden Consumer Solutions (Europe) Limited, http://www.jardencs.com/, NA, https://www.linkedin.com/company/jarden-consumer-solutions 
gb_00714373, Westover Holdings Limited, https://www.bloomberg.com/research/stocks/private/snapshot.asp?privcapid=5704246, NA, https://www.linkedin.com/company/westover-group 
gb_00714804, Addison Motors Limited, https://beta.companieshouse.gov.uk/company/00714804, NA, https://www.linkedin.com/company/addison-motors-limited 
gb_00715498, C.J.Pryor(Plant)Limited, https://www.bloomberg.com/research/stocks/private/snapshot.asp?privcapId=47369483, NA, https://www.linkedin.com/company/c-j-pryor-ltd 
gb_00717766, Provian Construction Limited, https://beta.companieshouse.gov.uk/company/00717766, NA, https://www.linkedin.com/company/provian-construction-limited 
gb_00718151, Express Gifts Limited, http://express-gifts.co.uk/, NA, https://www.linkedin.com/company/express-gifts-ltd 
gb_00719446, Heygate & Sons Limited, http://www.heygates.co.uk/, NA, https://www.linkedin.com/company/heygates 
gb_00720284, De La Rue International Limited., http://www.delarue.com/, NA, https://www.linkedin.com/company/de-la-rue 
gb_00723594, Alec Jarrett Limited, http://www.alec-jarrett.co.uk/, NA, https://www.linkedin.com/company/alec-jarrett-ltd 
gb_00725675, H.H. Smith & Sons Co. Limited, http://www.hhsmith.co.uk/, NA, https://www.linkedin.com/company/h.h.-smith-&-sons-co.-limited 
gb_00727817, Siemens Public Limited Company, https://www.siemens.com/sg/en/home.html, NA, https://www.linkedin.com/company/siemens 
gb_00733218, Mccain Foods (G.B.) Limited, http://www.mccain.com/, NA, https://www.linkedin.com/company/mccain-foods-gb-ltd 
gb_00734299, Moto Hospitality Limited, http://moto-way.com/, NA, https://www.linkedin.com/company/moto-hospitality 
gb_00734314, Rsa Accident Repairs Limited, http://www.rsaar.com/, NA, https://www.linkedin.com/company/rsa-accident-repairs-limited 
gb_00737366, Methane Services Limited, https://www.bloomberg.com/research/stocks/private/snapshot.asp?privcapId=36872492, NA, https://www.linkedin.com/company/methane-services-limited 
gb_00740118, Aberdeen Fund Managers Limited, http://www.aberdeen-asset.com/, NA, https://sg.linkedin.com/company/aberdeen-asset-management 
gb_00740632, Fina Petroleum Development Limited, https://www.bloomberg.com/research/stocks/private/snapshot.asp?privcapId=5826645, NA, https://www.linkedin.com/company/fina-petroleum-development-limited 
gb_00740635, Stonegate Farmers Limited, http://www.stonegate.co.uk/, NA, https://www.linkedin.com/company/stonegate-farmers-limited 
gb_00740767, Zimmer Limited, https://www.bloomberg.com/research/stocks/private/snapshot.asp?privcapid=22800708, NA, https://www.linkedin.com/company/zimmerbiomet 
gb_00744379, London Britannia Hotel Limited, https://www.britanniahotels.com/hotels/the-international-hotel, NA, https://www.linkedin.com/company/britannia-hotels-ltd 
gb_00744977, A C L Limited, https://www.acl-uk.org/, NA, https://www.linkedin.com/company/acl-mobile.com 
gb_00745573, Frank Armitt And Son Limited, http://www.armitt.co.uk/, NA, https://www.linkedin.com/company/frank-armitt-&-son-ltd 
gb_00746956, Safeway Stores Limited, https://beta.companieshouse.gov.uk/company/00746956, NA, https://www.linkedin.com/company/safeway-stores-limited 
gb_00749966, Prince Petroleum Limited, http://www.prince-petroleum.co.uk/contact, NA, https://www.linkedin.com/company/prince-petroleum-ltd 
gb_00750143, Alcan Aluminium Uk Limited, https://www.bloomberg.com/research/stocks/private/snapshot.asp?privcapId=22548233, NA, https://www.linkedin.com/company/british-alcan-aluminium-plc 
gb_00751190, River Plate Shipping And Trading Agency Limited, https://beta.companieshouse.gov.uk/company/00751190/insolvency, NA, https://uk.linkedin.com/in/david-salter-14a365a6 
gb_00751383, E.J. Taylor & Sons Limited, http://www.ejtaylor.co.uk/, NA, https://www.linkedin.com/company/e-j-taylor-&-sons-ltd 
gb_00752022, W H Marren Limited, https://www.whmarren.co.uk/, NA, https://www.linkedin.com/company/w-h-marren-limited 
gb_00753013, Moussaieff Jewellers Limited, http://www.moussaieff.co.uk/, NA, https://www.linkedin.com/company/moussaieff-jewellers-ltd 
gb_00754103, Exel Uk Limited, http://exel.com/, NA, https://www.linkedin.com/company/exel-uk-limited 
gb_00756681, Swinton Group Limited, https://www.swinton.co.uk/, NA, https://www.linkedin.com/company/swinton-insurance 
gb_00757192, Jungheinrich Uk Limited, http://www.jungheinrich.co.uk/, NA, https://www.linkedin.com/company/jungheinrich-uk-ltd 
gb_00758153, Lloyds Pharmacy Limited, http://www.lloydspharmacy.com/, NA, https://www.linkedin.com/company/lloydspharmacy 
gb_00759991, Eurosteel Products Limited, https://www.bloomberg.com/research/stocks/private/snapshot.asp?privcapId=5068905, NA, https://uk.linkedin.com/in/paul-astles-0184598a 
gb_00762360, Malthurst Petroleum Limited, https://beta.companieshouse.gov.uk/company/00762360, NA, https://www.linkedin.com/company/malthurst-petroleum-limited 
gb_00766251, New Holland Tractor Limited, http://www.newholland.com/, NA, https://www.linkedin.com/company/new-holland-tractor-limited 
gb_00769274, Trant Construction Limited, http://www.trant.co.uk/, NA, https://www.linkedin.com/company/trant-construction-ltd 
gb_00769922, Fairview Estates (Housing) Limited, https://www.fairview.co.uk/, NA, https://www.linkedin.com/company/fairview-estates-housing-limited 
gb_00769987, F W Baker Limited, https://beta.companieshouse.gov.uk/company/00769987/officers, NA, https://www.linkedin.com/company/f.w.-baker-limited 
gb_00772941, Allport Cargo Services Limited, http://allportcargoservices.com/, NA, https://www.linkedin.com/company/allport-cargo-services 
gb_00773076, Hermes G B Limited, http://uk.hermes.com/, NA, https://www.linkedin.com/company/hermes-gb-ltd 
gb_00773331, Numatic International Limited, https://www.numatic.co.uk/, NA, https://www.linkedin.com/company/numatic-international 
gb_00774341, Upm Raflatac Limited, http://www.upmraflatac.com/, NA, https://www.linkedin.com/company/upm-raflatac 
gb_00775667, Ladbrokes Betting And Gaming Limited, https://beta.companieshouse.gov.uk/company/00775667, NA, https://www.linkedin.com/company/ladbrokes 
gb_00776224, Wm Morrison Produce Limited, https://www.bloomberg.com/research/stocks/private/snapshot.asp?privcapid=5882487, NA, https://www.linkedin.com/company/wm-morrison-supermarkets-plc 
gb_00776793, Minor Weir And Willis Limited, http://www.mww.co.uk/, NA, https://www.linkedin.com/company/minor-weir-and-willis-ltd 
gb_00777937, P D Hook Hatcheries Limited, http://www.pdhook.uk/, NA, https://www.linkedin.com/company/p-d-hook-hatcheries 
gb_00781024, Howard De Walden Estates Limited, http://www.hdwe.co.uk/, NA, https://uk.linkedin.com/in/mark-kildea-45938b30 
gb_00781277, Lofthouse Of Fleetwood Limited, https://beta.companieshouse.gov.uk/company/00781277, NA, https://www.linkedin.com/company/lofthouse-of-fleetwood-ltd- 
gb_00782931, Breyer Group Public Limited Company, http://www.breyergroup.co.uk/, NA, https://www.linkedin.com/company/breyer-group-plc 
gb_00785922, Caversham Finance Limited, https://www.brighthouse.co.uk/contact-us, NA, https://www.linkedin.com/company/caversham-finance-limited 
gb_00785998, Macmillan Publishers Limited, http://macmillan.com/, NA, https://www.linkedin.com/company/macmillan 
gb_00786104, Dfds Logistics Limited, https://www.dfds.com/logistics-solutions, NA, https://www.linkedin.com/company/dfds 
gb_00786404, Lloyd Limited, http://www.lloyd.ltd.uk/, NA, https://www.linkedin.com/company/lloyd-ltd 
gb_00786418, Costain Oil, Gas & Process Limited, http://www.costain.com/, NA, https://www.linkedin.com/company/costain-oil-gas-&-process-ltd 
gb_00787446, Mercedes Benz Grand Prix Ltd, https://www.mercedesamgf1.com/, NA, https://www.linkedin.com/company/mercedes-benz-grand-prix-limited 
gb_00788012, Youngsters Limited, https://beta.companieshouse.gov.uk/company/00788012, NA, https://www.linkedin.com/company/youngsters-world-limited 
gb_00789858, Bolt And Heeks Limited, http://www.boltandheeks.com/, NA, https://www.linkedin.com/company/bolt-&-heeks-limited 
gb_00792030, Jupiter Investment Management Group Limited, https://www.jupiteram.com/, NA, https://www.linkedin.com/company/jupiter-fund-management-plc 
gb_00792712, Conocophillips Petroleum Company U K Limited, http://www.conocophillips.co.uk/, NA, https://www.linkedin.com/company/conocophillips 
gb_00792807, J.C.B.Sales Limited, http://www.theconstructionindex.co.uk/company/JCB-Sales-Ltd/38334, NA, https://www.linkedin.com/company/jcb 
gb_00794943, Gala Leisure Limited, https://beta.companieshouse.gov.uk/company/00794943, NA, https://www.linkedin.com/company/gala-leisure-limited 
gb_00796591, Blackwell Uk Limited, http://bookshop.blackwell.co.uk/, NA, https://www.linkedin.com/company/blackwell-limited-international-book-retail-and-distribution- 
gb_00796793, Blackrock Advisors Uk Limited, https://www.bloomberg.com/research/stocks/private/snapshot.asp?privcapId=6562730, NA, https://www.linkedin.com/company/blackrock 
gb_00798123, Morris Homes (North) Limited, https://beta.companieshouse.gov.uk/company/00798123, NA, https://www.linkedin.com/company/morris-homes-north-limited 
gb_00798550, Skanska Rashleigh Weatherfoil Limited, http://www.skanska.co.uk/expertise/construction/mechanical-and-electrical-fit-out-srw/, NA, https://uk.linkedin.com/in/nick-winter-7a4aa440 
gb_00799130, Five Star Inns Limited, https://beta.companieshouse.gov.uk/company/00799130, NA, https://www.linkedin.com/company/five-star-inns-limited 
gb_00800907, E H Smith Builders Merchants Limited, http://www.ehsmith.co.uk/, NA, https://www.linkedin.com/company/eh-smith-builders-merchants-ltd 
gb_00803680, Aveva Solutions Limited, http://www.aveva.com/en, NA, https://www.linkedin.com/company/aveva 
gb_00804058, Linde Heavy Truck Division Limited, http://www.lindeheavytruck.com/, NA, https://www.linkedin.com/company/linde-heavy-truck-division 
gb_00806269, Hobbycraft Trading Limited, http://www.hobbycraft.co.uk/about-us, NA, https://www.linkedin.com/company/hobbycraft 
gb_00806915, Crystal Martin International Limited, http://www.uk.crystal-martin.com/, NA, https://www.linkedin.com/company/crystal-martin 
gb_00807043, Superdrug Stores Plc, http://www.superdrug.com/, NA, https://www.linkedin.com/company/superdrug 
gb_00807346, Hess Limited, http://www.hess.com/, NA, https://www.linkedin.com/company/hess-corporation 
gb_00809079, Pando North Sea Ferries Limited, http://www.poferries.com/en/hull-rotterdam, NA, https://www.linkedin.com/company/p&o-ferries 
gb_00811102, Murphy Petroleum Limited, http://www.murphyoilcorp.com/, NA, https://www.linkedin.com/company/murphy-oil 
gb_00811900, Total Eandp Uk Limited, http://www.total.uk/, NA, https://www.linkedin.com/company/total 
gb_00813187, Cnr International U K Limited, http://www.cnrl.com/, NA, https://www.linkedin.com/company/cnr-international-u.k.-investments-limited 
gb_00813521, Croudace Homes Limited, http://www.croudacehomes.co.uk/, NA, https://www.linkedin.com/company/croudace-homes-limited 
gb_00813701, Palm Paper Limited, http://www.palmrecycling.co.uk/materials-recycling/palm-paper-mill/, NA, https://www.linkedin.com/company/palm-paper-limited 
gb_00814563, Barrow Lane And Ballard Limited, http://www.barrow-lane.co.uk/, NA, https://www.linkedin.com/company/barrow-lane-&-ballard-limited 
gb_00818974, Walker Construction (U.K.) Limited, http://www.walker-construction.co.uk/, NA, https://www.linkedin.com/company/walker-construction-uk-ltd 
gb_00819463, Barton And Redman Limited, http://www.bartonandredman.com/, NA, https://www.linkedin.com/company/barton-&-redman-ltd 
gb_00819793, Clowes Developments Uk Limited, http://www.cwc-group.co.uk/, NA, https://www.linkedin.com/company/clowes-developments-uk-ltd 
gb_00820148, Lloyd'S (Animal) Feeds Limited, http://lloydsanimalfeeds.co.uk/, NA, https://www.linkedin.com/company/lloyds-animal-feeds-ltd 
gb_00820771, Merck Sharp & Dohme Limited, http://www.msd-uk.com/, NA, https://www.linkedin.com/company/merck 
gb_00823355, Winterthur Financial Services Uk Limited, https://www.bloomberg.com/research/stocks/private/snapshot.asp?privcapId=6911385, NA, https://www.linkedin.com/company/winterthur-financial-services-uk-limited 
gb_00824611, Brit Syndicates Limited, http://www.britinsurance.com/, NA, https://www.linkedin.com/company/brit-syndicates-limited 
gb_00825828, Talisman Sinopec Energy Uk Limited, http://www.repsolsinopecuk.com/, NA, https://www.linkedin.com/company/talisman-sinopec-energy-uk-limited 
gb_00827982, Insight Investment Management Global Limited, http://www.insightinvestment.com/, NA, https://www.linkedin.com/company/insight-investment 
gb_00829659, Princess International Sales And Service Ltd, https://beta.companieshouse.gov.uk/company/00829659, NA, https://www.linkedin.com/company/princess-international-sales-and-service-ltd 
gb_00831538, Hadley Industries Holdings Limited, http://www.hadleygroup.com/, NA, https://www.linkedin.com/company/hadley-group- 
gb_00835139, Glaxosmithkline Research & Development Limited, http://www.gsk.com/en-gb/research/, NA, https://www.linkedin.com/company/glaxosmithkline 
gb_00835494, Rock Chemicals Limited, http://www.rockoil.co.uk/, NA, https://www.linkedin.com/company/rock-chemicals-limited 
gb_00835806, Swarovski Uk Limited, https://beta.companieshouse.gov.uk/company/00835806, NA, https://www.linkedin.com/company/swarovski 
gb_00840103, John Nicholls Trading Limited, http://www.johnnichollstrade.co.uk/, NA, https://www.linkedin.com/company/john-nicholls-building-&-plumbing-merchants 
gb_00847520, Banham Group Limited, https://beta.companieshouse.gov.uk/company/00847520, NA, https://www.linkedin.com/company/banham-security 
gb_00847721, Simpson (York) Limited, http://www.simpsonyork.co.uk/, NA, https://www.linkedin.com/company/simpson-york-limited 
gb_00847863, Christeyns Uk Ltd, http://www.christeyns.com/, NA, https://www.linkedin.com/company/christeyns 
gb_00849216, Brose Limited, https://www.brose.com/de-en/Company/Locations/Coventry-Bedworth.html, NA, https://www.linkedin.com/company/brose 
gb_00850806, Johnson & Saunt Limited, https://beta.companieshouse.gov.uk/company/00850806, NA, https://www.linkedin.com/company/johnson-&-saunt-limited 
gb_00852040, Tote Bookmakers Limited, https://beta.companieshouse.gov.uk/company/00852040, NA, https://www.linkedin.com/company/tote-bookmakers-limited 
gb_00852773, Damartex Uk Limited, https://www.damart.co.uk/, NA, https://www.linkedin.com/company/damartex-uk-limited 
gb_00855613, Shaws Petroleum Limited, https://beta.companieshouse.gov.uk/company/00855613/officers, NA, https://www.linkedin.com/company/shaws-petroleum-limited 
gb_00857789, Maersk Line Uk Limited, https://www.bloomberg.com/research/stocks/private/snapshot.asp?privcapId=8058965, NA, https://www.linkedin.com/company/maersk-line 
gb_00858856, Rittal C S M Limited, http://www.rittal.com/uk-en/content/en/start/, NA, https://www.linkedin.com/company/rittal_csm 
gb_00861590, Penguin Books Limited, https://www.penguin.co.uk/, NA, https://www.linkedin.com/company/penguin-group-uk 
gb_00862342, Hy Ten Group Limited, http://www.hy-ten.co.uk/, NA, https://www.linkedin.com/company/hy-ten-group-ltd 
gb_00862823, Eni Uk Limited, https://www.eni.com/, NA, https://www.linkedin.com/company/eni 
gb_00863383, Killinchy Aerospace Holdings Limited, http://www.bloomberg.com/profiles/companies/0140971D:LN-killinchy-aerospace-holdings-ltd, NA, https://www.linkedin.com/company/killinchy-aerospace-holdings-limited 
gb_00865970, Chicken Cabins Limited, https://beta.companieshouse.gov.uk/company/00865970, NA, https://www.linkedin.com/company/chicken-cabins-limited 
gb_00868042, Martin Baker Aircraft Company Limited, http://martin-baker.com/, NA, https://www.linkedin.com/company/martin-baker-aircraft-co-ltd 
gb_00868795, Thames Petroleum Scotland Limited, https://beta.companieshouse.gov.uk/company/00868795, NA, https://uk.linkedin.com/in/gary-hinks-80b59bb 
gb_00869514, T H Clements And Son Limited, http://www.thclements.co.uk/, NA, https://www.linkedin.com/company/t.h.clements-&-son-limited 
gb_00870262, Irvine Whitlock Limited, http://www.irvine-whitlock.co.uk/en, NA, https://www.linkedin.com/company/irvine-whitlock-ltd- 
gb_00870766, Francis Jackson Homes Limited, http://www.francisjacksonhomes.co.uk/, NA, https://www.linkedin.com/company/francis-jackson-homes-limited 
gb_00872044, Kenwood Limited, http://www.kenwoodworld.com/uk, NA, https://www.linkedin.com/company/kenwood-limited 
gb_00872262, Synthomer (Uk) Limited, http://www.synthomer.com/, NA, https://www.linkedin.com/company/synthomer 
gb_00872828, Pearson Education Limited, http://www.pearsoned.co.uk/, NA, https://www.linkedin.com/company/pearson 
gb_00872948, Trw Limited, http://www.trw.com/, NA, https://www.linkedin.com/company/trw-limited 
gb_00873179, May Gurney Limited, http://www.theconstructionindex.co.uk/company/May-Gurney-Limited/6901, NA, https://uk.linkedin.com/in/jim-frost-may-gurney-04aa6a61 
gb_00876127, Ferrero Uk Limited, https://www.ferrero.co.uk/, NA, https://www.linkedin.com/company/ferrero 
gb_00877080, Grosvenor Casinos Limited, https://www.grosvenorcasinos.com/, NA, https://www.linkedin.com/company/grosvenor-casinos-limited 
gb_00878357, Royal Yachting Association, http://www.rya.org.uk/, NA, https://www.linkedin.com/company/royal-yachting-association 
gb_00879131, Philpot Dairy Products Limited, https://beta.companieshouse.gov.uk/company/09914960, NA, https://www.linkedin.com/company/philpot-dairy-products-limited 
gb_00879456, Adda Hotels, https://beta.companieshouse.gov.uk/company/00879456/officers, NA, https://www.linkedin.com/company/adda-hotels 
gb_00880499, B & W Group Ltd, http://www.bowers-wilkins.co.uk/, NA, https://www.linkedin.com/company/b&w-group 
gb_00887600, Tridonic Uk Limited, http://www.tridonic.com/, NA, https://www.linkedin.com/company/tridonic 
gb_00888236, Walsall Pressings Company Limited, http://www.walpres.co.uk/, NA, https://www.linkedin.com/company/walsall-pressings-co-ltd 
gb_00889832, C P Hart And Sons Limited, https://www.cphart.co.uk/, NA, https://www.linkedin.com/company/c.p.-hart 
gb_00891979, S S Motors Fuels Limited, http://www.ss-motors.co.uk/, NA, https://www.linkedin.com/company/s-s-motors-fuels-limited 
gb_00892832, St Modwen Developments Limited, http://www.stmodwen.co.uk/, NA, https://www.linkedin.com/company/st-modwen-properties-plc 
gb_00894426, The Restaurant Group Uk Limited, http://www.trgplc.com/, NA, https://www.linkedin.com/company/the-restaurant-group 
gb_00894646, Times Newspapers Limited, https://www.thetimes.co.uk/, NA, https://www.linkedin.com/company/the-times 
gb_00895797, Bp Exploration Beta Limited, https://beta.companieshouse.gov.uk/company/00895797, NA, https://www.linkedin.com/company/bp 
gb_00896075, Eaton Aerospace Limited, http://www.eaton.com/Eaton/ProductsServices/Aerospace/index.htm, NA, https://www.linkedin.com/company/eaton-corporation 
gb_00896823, Chelton Limited, https://www.cobham.com/communications-and-connectivity/antenna-systems/terms-and-conditions/chelton-limited-marlow-suppliers/, NA, https://www.linkedin.com/company/g-chelton-limited 
gb_00898166, Invesco Fund Managers Limited, https://www.invescoperpetual.co.uk/, NA, https://www.linkedin.com/company/invesco-ltd 
gb_00900348, Griffin And Brand European Limited, http://www.griffin-brand.co.uk/, NA, https://www.linkedin.com/company/griffin-&-brand-european-limited 
gb_00901341, Wilf Gilbert Staffordshire Limited, https://beta.companieshouse.gov.uk/company/00901341, NA, https://beta.companieshouse.gov.uk/company/00901341 
gb_00901522, R&R Ice Cream Uk Limited, http://www.rr-icecream.eu/, NA, https://www.linkedin.com/company/r&r-ice-cream-ltd 
gb_00902239, Bg International Limited, https://www.bloomberg.com/research/stocks/private/snapshot.asp?privcapId=766339, NA, https://www.linkedin.com/company/bg-international 
gb_00903797, Leo Burnett Limited, http://leoburnett.com/, NA, https://www.linkedin.com/company/leo-burnett 
gb_00905537, C M Downton Haulage Contractors Limited, http://www.downton.co.uk/, NA, https://www.linkedin.com/company/downton 
gb_00906243, Bomag Great Britain Limited, http://www.bomag.com/united_kingdom/en/homepage.htm, NA, https://www.linkedin.com/company/bomag-great-britain-limited 
gb_00906355, Henderson Global Investors Limited, https://www.bloomberg.com/research/stocks/private/snapshot.asp?privcapId=24811017, NA, https://www.linkedin.com/company/henderson-global-investors-limited 
gb_00907593, Monarch Airlines Limited, http://www.monarch.co.uk/, NA, https://www.linkedin.com/company/monarch-airlines 
gb_00908396, Guardian News And Media Limited, https://www.theguardian.com/gmg, NA, https://www.linkedin.com/company/guardian-news-&-media 
gb_00908842, Ken Biggs Contractors Limited, http://www.ken-biggs.co.uk/, NA, https://www.linkedin.com/company/ken-biggs-contractors-limited 
gb_00909645, Anglesey Aluminium Metal Limited, https://en.wikipedia.org/wiki/Anglesey_Aluminium, NA, https://www.linkedin.com/company/anglesey-aluminium-metal-limited 
gb_00911402, John Jones(Excavation)Limited, https://beta.companieshouse.gov.uk/company/00911402, NA, https://www.linkedin.com/company/john-jones-excavation-limited 
gb_00911692, Erf Electrical Wholesalers Ltd, http://www.erfelectrical.co.uk/, NA, https://www.linkedin.com/company/erf-electrical-wholesalers-ltd 
gb_00914137, Suttons International Limited, http://www.suttonsgroup.com/, NA, https://www.linkedin.com/company/suttons-transport-group 
gb_00915392, Cleveland Potash Limited, http://www.icl-uk.uk/, NA, https://www.linkedin.com/company/cleveland-potash 
gb_00915420, B.& M.Mchugh Limited, http://www.mchughltd.co.uk/, NA, https://www.linkedin.com/company/b-&-m-mchugh-limited 
gb_00918861, Toshiba Information Systems (Uk) Limited, http://www.toshiba.co.uk/, NA, https://www.linkedin.com/company/toshiba-information-systems-uk-ltd 
gb_00923687, P And G Prestige Products Limited, https://www.bloomberg.com/research/stocks/private/snapshot.asp?privcapid=45792576, NA, https://www.linkedin.com/company/procter-&-gamble 
gb_00923891, M And G Financial Services Limited, http://www.mandg.co.uk/, NA, https://www.linkedin.com/company/m&g 
gb_00924584, Turney Wylde (Construction) Limited, https://beta.companieshouse.gov.uk/company/00924584, NA, https://www.linkedin.com/company/turney-wylde-construction-limited 
gb_00926566, Pg Media Services Limited, https://beta.companieshouse.gov.uk/company/00926566, NA, https://www.linkedin.com/company/pg-media-services-limited 
gb_00929005, Silver Fern Farms Uk Limited, http://www.silverfernfarms.com/, NA, https://www.linkedin.com/company/silver-fern-farms-ltd 
gb_00929027, National Westminster Bank Public Limited Company, http://www.rbs.com/about/contact/feedback-and-complaints/complaints-data/national-westminster-bank.html, NA, https://www.linkedin.com/company/national-westminster-bank 
gb_00931323, J & J Ormerod Plc, https://jjoplc.com/, NA, https://www.linkedin.com/company/j-&-j-ormerod-plc 
gb_00931954, Bluefin Insurance Services Limited, https://www.bluefingroup.co.uk/, NA, https://www.linkedin.com/company/bluefin 
gb_00933890, Basf Metals Recycling Limited, https://www.basf.com/gb/en/company/about-us/BASF-in-the-United-Kingdom/BASF-Metals-Recycling-Limited.html, NA, https://uk.linkedin.com/in/philiplober 
gb_00934776, Cedo Limited, http://www.cedo.com/, NA, https://www.linkedin.com/company/cedo 
gb_00936223, Eni Ulx Limited, https://www.bloomberg.com/research/stocks/private/snapshot.asp?privcapId=5881730, NA, https://www.linkedin.com/company/eni-ulx-limited 
gb_00936569, Chc Scotia Limited, https://www.bloomberg.com/research/stocks/private/snapshot.asp?privcapId=5604103, NA, https://www.linkedin.com/company/chc-scotia-limited 
gb_00936683, Mandg Investment Management Limited, http://www.mandg.com/, NA, https://www.linkedin.com/company/m&g 
gb_00939069, Draka U.K. Limited, http://www.drakauk.com/, NA, https://www.linkedin.com/company/draka-u.k.-limited 
gb_00942215, Ericsson Limited, https://www.ericsson.com/, NA, https://www.linkedin.com/company/ericsson 
gb_00945702, Greenery Uk Limited, http://www.thegreenery.com/en/home, NA, https://www.linkedin.com/company/greenery-uk-limited 
gb_00946942, Intervet Uk Limited, https://www.bloomberg.com/research/stocks/private/snapshot.asp?privcapId=5854156, NA, https://www.linkedin.com/company/intervet-uk-limited 
gb_00946986, Maersk Oil Uk Limited, http://www.maerskoil.com/, NA, https://www.linkedin.com/company/maersk-oil 
gb_00947098, Universal Pictures Productions Limited, https://beta.companieshouse.gov.uk/company/00947098, NA, https://www.linkedin.com/company/universal-pictures-productions-limited 
gb_00947644, St James S Place Unit Trust Group Limited, https://www.sjp.co.uk/funds/unit-trust-group-funds, NA, https://www.linkedin.com/company/st-james-s-place-wealth-management 
gb_00954009, The Random House Group Limited, https://www.bloomberg.com/research/stocks/private/snapshot.asp?privcapId=5537257, NA, https://www.linkedin.com/company/random-house-group 
gb_00954730, Euromoney Institutional Investor Plc, http://www.euromoneyplc.com/, NA, https://www.linkedin.com/company/euromoney-institutional-investor 
gb_00955238, Ema Textiles Limited, http://www.bloomberg.com/profiles/companies/1370514Z:LN-ema-textiles-ltd, NA, https://www.linkedin.com/company/ema-textiles-ltd 
gb_00955450, Percy R Brend And Sons Hoteliers Limited, https://brend-hotels.co.uk/, NA, https://www.linkedin.com/company/percy-r.brend-&-sons-hoteliers-limited 
gb_00955492, Hingley And Callow Oils Limited, http://www.callowoils.com/, NA, https://www.linkedin.com/company/hingley-&-callow-oils-limited 
gb_00955856, Malden Drywall Plc, https://beta.companieshouse.gov.uk/company/00955856, NA, https://uk.linkedin.com/in/julie-potter-9292b694 
gb_00958507, Prysmian Cables & Systems Limited, http://uk.prysmiangroup.com/, NA, https://www.linkedin.com/company/prysmian 
gb_00958880, Bg International Cns Limited, http://www.bloomberg.com/profiles/companies/1371154Z:LN-bg-international-cns-ltd, NA, https://www.linkedin.com/company/b-g-international-ltd 
gb_00961440, Arjo Wiggins Fine Papers Limited, http://www.arjowiggins.com/?lang=en, NA, https://www.linkedin.com/company/arjowiggins-creative-papers 
gb_00961843, Hydro Aluminium Extrusion Limited, http://www.hydro.com/, NA, https://www.linkedin.com/company/hydro-aluminium-extrusion-deutschland-gmbh 
gb_00963271, Ergonom Limited, https://www.linkedin.com/company/ergonom-limited, NA, https://www.linkedin.com/company/ergonom-limited 
gb_00965783, Uk Mail Limited, https://www.ukmail.com/, NA, https://www.linkedin.com/company/uk-mail 
gb_00966604, Tullett Prebon Europe Limited, http://www.tullettprebon.com/about/about_contacteurope.aspx, NA, https://www.linkedin.com/company/tullett-prebon 
gb_00966807, Nationwide Accident Repair Services Plc, http://corporate.nationwiderepairs.co.uk/, NA, https://www.linkedin.com/company/nationwide-crash-repair-centres-ltd 
gb_00967403, Kentucky Fried Chicken Great Britain Limited, https://www.bloomberg.com/research/stocks/private/snapshot.asp?privcapid=5532012, NA, https://www.linkedin.com/company/kentucky-fried-chicken-great-britain-limited 
gb_00968046, Kurt Geiger Limited, https://www.kurtgeiger.eu/, NA, https://www.linkedin.com/company/kurt-geiger 
gb_00968498, Northgate Information Solutions Uk Limited, https://en.wikipedia.org/wiki/Northgate_Information_Solutions, NA, https://www.linkedin.com/company/northgate-information-solutions 
gb_00969262, Dole Fresh Uk Limited, http://www.cfuklimited.com/, NA, https://www.linkedin.com/company/dole-fresh-uk 
gb_00970072, Horrocks Construction Limited, https://beta.companieshouse.gov.uk/company/00970072, NA, https://www.linkedin.com/company/horrocks-construction-group-limited 
gb_00970351, Tate And Lyle International Finance Plc, http://www.bloomberg.com/profiles/companies/1456Z:LN-tate-&-lyle-international-finance-plc, NA, https://www.linkedin.com/company/tate-&-lyle-international-finance-plc 
gb_00972457, Mitie Built Environment Limited, https://beta.companieshouse.gov.uk/company/00972457, NA, https://www.linkedin.com/company/mitie-built-environment-limited 
gb_00973101, Fowle & Co Limited, http://www.fowleco.com/, NA, https://www.linkedin.com/company/fowle-&-co-limited 
gb_00973168, Holystone Civil Engineering Limited, https://beta.companieshouse.gov.uk/company/00973168, NA, https://www.linkedin.com/company/holystone-civil-engineering 
gb_00976932, F S Mackenzie Limited, http://www.fsmac.com/, NA, https://www.linkedin.com/company/f-s-mackenzie-moscow- 
gb_00978229, Moulding Contracts Limited, http://www.constructionenquirer.com/2016/12/21/civils-specialist-goes-under-with-the-loss-of-90-jobs/, NA, https://www.linkedin.com/company/moulding-contracts 
gb_00979390, Solo Cup Europe Limited, http://dartproductseurope.com/, NA, https://www.linkedin.com/company/solo-cup-company 
gb_00979888, E H Smith Holdings Ltd, http://www.ehsmith.co.uk/, NA, https://www.linkedin.com/company/eh-smith-builders-merchants-ltd 
gb_00981905, Kronospan Limited, http://kronospan-express.com/, NA, https://www.linkedin.com/company/kronospan 
gb_00985151, Caledonian Helicopters Limited, https://beta.companieshouse.gov.uk/company/00985151, NA, https://www.linkedin.com/company/caledonian-helicopters-limited 
gb_00985395, Tenneco Walker U K Limited, http://www.tenneco.com/, NA, https://www.linkedin.com/company/tenneco-walker-u.k.-limited 
gb_00985986, R R Richardson Limited, https://beta.companieshouse.gov.uk/company/00985986, NA, https://www.linkedin.com/company/tippet-richardson-limited 
gb_00986754, National Tyre Service Limited, https://www.national.co.uk/, NA, https://www.linkedin.com/company/national-tyres-and-autocare 
gb_00987418, Ald Automotive Limited, http://www.aldautomotive.co.uk/, NA, https://www.linkedin.com/company/ald-automotive 
gb_00987562, Bard Pharmaceuticals Limited, http://bardpharmaceuticals.co.uk/, NA, https://www.linkedin.com/company/bard-pharmaceuticals-limited 
gb_00988409, Haydon Mechanical & Electrical Limited, http://www.haydonme.co.uk/, NA, https://www.linkedin.com/company/haydon-mechanical-&-electrical-ltd 
gb_00989722, Webb And Wells Limited, http://www.webbwells.com/, NA, https://www.linkedin.com/company/webb-&-wells-limited 
gb_00989895, Moog Fernau Limited, http://www.moog.co.uk/, NA, https://www.linkedin.com/company/moog-fernau-limited 
gb_00990202, Tilda Limited, https://www.tilda.com/, NA, https://www.linkedin.com/company/tilda 
gb_00992897, Bentley Motors Limited, http://www.bentleymotors.com/, NA, https://www.linkedin.com/company/bentley-motors-ltd 
gb_00995045, Eddie Stobart Limited, http://eddiestobart.com/, NA, https://www.linkedin.com/company/eddie-stobart 
gb_00998813, Corbett Bookmakers Limited, https://beta.companieshouse.gov.uk/company/00998813, NA, https://www.linkedin.com/company/corbett-bookmakers 
gb_00999233, Darke & Taylor Limited, http://darkeandtaylor.co.uk/, NA, https://www.linkedin.com/company/darke-and-taylor-ltd 
gb_01001101, Fowler Welch Coolchain Limited, https://www.fowlerwelch.co.uk/, NA, https://www.linkedin.com/company/fowler-welch 
gb_01004648, Mala Engineering Limited, http://www.mala.co.uk/, NA, https://www.linkedin.com/company/mala-engineering-limited 
gb_01006371, Communisis Uk Limited, https://www.communisis.com/, NA, https://www.linkedin.com/company/communisis 
gb_01006953, Prestige Nursing Limited, http://www.prestige-nursing.co.uk/, NA, https://www.linkedin.com/company/prestige-nursing 
gb_01008430, Jarvis Homes Limited, http://www.jarvishomes.co.uk/, NA, https://www.linkedin.com/company/jarvis-homes-ltd 
gb_01010230, Randall Parker Foods Limited, http://randallparker.com/, NA, https://www.linkedin.com/company/randall-parker-foods 
gb_01010787, Transworld Petroleum U K Limited, https://beta.companieshouse.gov.uk/company/01010787, NA, https://www.linkedin.com/company/transworld-petroleum-u.k.-limited 
gb_01013852, Inductotherm Heating & Welding Limited, http://inductothermhw.com/, NA, http://www.linkedin.com/company/inductotherm-heating-&-welding-technologies-limited 
gb_01017013, Smurfit Kappa Uk Ltd, http://www.smurfitkappa.com/vHome/co-uk, NA, https://www.linkedin.com/company/smurfit-kappa-group 
gb_01017514, Sage Publications Limited, http://uk.sagepub.com/en-gb/eur/books, NA, https://www.linkedin.com/company/sage-publications 
gb_01018690, Intake Developments Limited, https://beta.companieshouse.gov.uk/company/01018690, NA, https://www.linkedin.com/company/intake-developments-limited 
gb_01018727, J.B.Leadbitter & Co.Limited, https://beta.companieshouse.gov.uk/company/01018727, NA, https://www.linkedin.com/company/j.b.leadbitter-&-co.limited 
gb_01019474, Ryder Limited, https://ryder.com/, NA, https://www.linkedin.com/company/ryder-system-inc 
gb_01019911, Milton Keynes Paint And Equipment Limited, https://www.businessmagnet.co.uk/company/miltonkeynespaintequipmentltd-9000.htm, NA, https://www.linkedin.com/company/milton-keynes-paint-and-equipment-limited 
gb_01020949, Eni Australia Limited, https://www.eni.com/enipedia/en_IT/international-presence/asia-oceania/enis-activities-in-australia.page, NA, https://www.linkedin.com/company/eni 
gb_01021338, Rwe Dea Uk Sns Limited, https://www.bloomberg.com/research/stocks/private/snapshot.asp?privcapid=61411681, NA, https://www.linkedin.com/company/rwe-dea-uk-ltd 
gb_01021486, First Oil Expro Limited, https://home.kpmg.com/uk/en/home/media/press-releases/2016/02/first-oil-expro-limited-in-administration.html, NA, https://www.linkedin.com/company/first-oil-expro-limited 
gb_01022265, V Marine Fuels Limited, http://www.vmarinefuels.com/, NA, https://www.linkedin.com/company/v-marine-fuels-limited 
gb_01024018, Rowse Honey Limited, https://www.rowsehoney.co.uk/, NA, https://www.linkedin.com/company/rowse-honey 
gb_01024472, Wessex Petroleum Limited, http://www.thewp-group.co.uk/, NA, https://www.linkedin.com/company/wessex-petroleum-ltd 
gb_01026864, Intro 2020 Limited, https://www.intro2020.co.uk/, NA, https://www.linkedin.com/company/intro-2020-limited 
gb_01027904, Janssen Cilag Limited, http://www.janssen.com/uk/, NA, https://www.linkedin.com/company/janssen-pharmaceutical-companies-of-johnson-and-johnson 
gb_01028571, Soil Machine Dynamics Limited, https://www.smd.co.uk/, NA, https://www.linkedin.com/company/soil-machine-dynamics-ltd 
gb_01038660, Maxwells Restaurants Limited, https://beta.companieshouse.gov.uk/company/01038660, NA, https://www.linkedin.com/company/maxwell%27s-restaurants-group 
